{
    "training_results": {
        "episodes": 2,
        "rewards": [
            1.7724362239387363e+20,
            -3.93473981381478e+23
        ]
    },
    "evaluation": {
        "episodes": 10,
        "rewards": [
            50.0,
            50.0,
            50.0,
            50.0,
            50.0,
            50.0,
            50.0,
            50.0,
            50.0,
            50.0
        ],
        "average_reward": 50.0
    },
    "config": {
        "hidden_layers": [
            256,
            128,
            64
        ],
        "learning_rate": 0.00025,
        "batch_size": 64,
        "curiosity_weight": 0.1,
        "dynamic_network": true
    },
    "training_time": 2.186505
}